{ 
    "custom_source_events": {
        "source_name": "windows-sysmon",
        "matched_field": "$.EventId",
        "timestamp": {
            "field": "$.Description.UtcTime",
            "format": "%Y-%m-%d %H:%M:%S.%f"
        },
        "ocsf_mapping": {
            "1": {
                "schema": "process_activity",
                "schema_mapping": {   
                    "metadata": {
                        "profiles": "host",
                        "version": "v1.0.0",
                        "product" : {
                            "name": "System Monitor (Sysmon)",
                            "vendor_name": "Microsoft Sysinternals",
                            "version": "v15.0"
                        }
                    },
                    "severity": "Informational",
                    "severity_id": 1,
                    "category_uid": 1,
                    "category_name": "System Activity",
                    "class_uid": 1007,
                    "class_name": "Process Activity",
                    "type_uid": 100701,
                    "time": "$.Description.UtcTime",
                    "activity_id": {
                        "enum": {
                            "evaluate": "$.EventId",
                            "values": {
                                "1": 1,
                                "5": 2,
                                "7": 3,
                                "10": 3,
                                "19": 3,
                                "20": 3,
                                "21": 3,
                                "25": 4
                            },
                            "other": 99
                        }
                    },
                    "actor": {
                        "process": "$.Description.Image"
                    },
                    "device": {
                        "type_id": 6,
                        "instance_uid": "$.UserDefined.source_instance_id"
                    },
                    "process": {
                        "pid": "$.Description.ProcessId",
                        "uid": "$.Description.ProcessGuid",
                        "name": "$.Description.Image",
                        "user": "$.Description.User",
                        "loaded_modules": "$.Description.ImageLoaded"
                    },
                    "unmapped": {
                        "rulename": "$.Description.RuleName"
                    } 
                }
            },
            "5": {
                "schema": "process_activity",
                "schema_mapping": {   
                    "metadata": {
                        "profiles": "host",
                        "version": "v1.0.0",
                        "product" : {
                            "name": "System Monitor (Sysmon)",
                            "vendor_name": "Microsoft Sysinternals",
                            "version": "v15.0"
                        }
                    },
                    "severity": "Informational",
                    "severity_id": 1,
                    "category_uid": 1,
                    "category_name": "System Activity",
                    "class_uid": 1007,
                    "class_name": "Process Activity",
                    "type_uid": 100701,
                    "time": "$.Description.UtcTime",
                    "activity_id": {
                        "enum": {
                            "evaluate": "$.EventId",
                            "values": {
                                "1": 1,
                                "5": 2,
                                "7": 3,
                                "10": 3,
                                "19": 3,
                                "20": 3,
                                "21": 3,
                                "25": 4
                            },
                            "other": 99
                        }
                    },
                    "actor": {
                        "process": "$.Description.Image"
                    },
                    "device": {
                        "type_id": 6,
                        "instance_uid": "$.source_instance_id"
                    },
                    "process": {
                        "pid": "$.Description.ProcessId",
                        "uid": "$.Description.ProcessGuid",
                        "name": "$.Description.Image",
                        "user": "$.Description.User",
                        "loaded_modules": "$.Description.ImageLoaded"
                    },
                    "unmapped": {
                        "rulename": "$.Description.RuleName"
                    }   
                }
            },
            "11": {
                "schema": "file_activity",
                "schema_mapping": {   
                    "metadata": {
                        "profiles": "host",
                        "version": "v1.0.0",
                        "product" : {
                            "name": "System Monitor (Sysmon)",
                            "vendor_name": "Microsoft Sysinternals",
                            "version": "v15.0"
                        }
                    },
                    "severity": "Informational",
                    "severity_id": 1,
                    "category_uid": 1,
                    "category_name": "System Activity",
                    "class_uid": 1001,
                    "class_name": "File Activity",
                    "type_uid": 100101,
                    "time": "$.Description.UtcTime",
                    "activity_id": {
                        "enum": {
                            "evaluate": "$.EventId",
                            "values": {
                                "2": 6,
                                "11": 1,
                                "15": 1,
                                "24": 3,
                                "23": 4
                            },
                            "other": 99
                        }
                    },
                    "actor": {
                        "process": "$.Description.Image"
                    },
                    "device": {
                        "type_id": 6,
                        "instance_uid": "$.source_instance_id"
                    },
                    "file": {
                        "name": "$.Description.TargetFilename",
                        "type_uid": 1
                    },
                    "unmapped": {
                        "rulename": "$.Description.RuleName",
                        "creation_utc_time": "$.Description.CreationUtcTime",
                        "process": {
                            "pid": "$.Description.ProcessId",
                            "uid": "$.Description.ProcessGuid",
                            "name": "$.Description.Image",
                            "user": "$.Description.User"
                        }
                    } 
                }
            },
            "23": {
                "schema": "file_activity",
                "schema_mapping": {   
                    "metadata": {
                        "profiles": "host",
                        "version": "v1.0.0",
                        "product" : {
                            "name": "System Monitor (Sysmon)",
                            "vendor_name": "Microsoft Sysinternals",
                            "version": "v15.0"
                        }
                    },
                    "severity": "Informational",
                    "severity_id": 1,
                    "category_uid": 1,
                    "category_name": "System Activity",
                    "class_uid": 1001,
                    "class_name": "File Activity",
                    "type_uid": 100101,
                    "time": "$.Description.UtcTime",
                    "activity_id": {
                        "enum": {
                            "evaluate": "$.EventId",
                            "values": {
                                "2": 6,
                                "11": 1,
                                "15": 1,
                                "24": 3,
                                "23": 4
                            },
                            "other": 99
                        }
                    },
                    "actor": {
                        "process": "$.Description.Image"
                    },
                    "device": {
                        "type_id": 6,
                        "instance_uid": "$.source_instance_id"
                    },
                    "file": {
                        "name": "$.Description.TargetFilename",
                        "type_uid": 1
                    },
                    "unmapped": {
                        "rulename": "$.Description.RuleName",
                        "creation_utc_time": "$.Description.CreationUtcTime",
                        "process": {
                            "pid": "$.Description.ProcessId",
                            "uid": "$.Description.ProcessGuid",
                            "name": "$.Description.Image",
                            "user": "$.Description.User"
                        }
                    } 
                }
            }
        }
    }
}
